{
  "eslint.config.js": 1773017993.0207312,
  "postcss.config.js": 1773017993.0329633,
  "tailwind.config.ts": 1773042964.8855226,
  "vite.config.ts": 1773455500.2802067,
  "vitest.config.ts": 1773455509.3830383,
  "api\\guestbook.ts": 1773395679.9266622,
  "api\\lastfm-now-playing.ts": 1774260477.2448437,
  "api\\lastfm-stats.ts": 1773793285.4230862,
  "api\\now-playing.ts": 1775870591.6685655,
  "api\\spotify.ts": 1774234152.043093,
  "api\\steam.ts": 1775194655.448262,
  "src\\App.tsx": 1776077903.0351605,
  "src\\main.tsx": 1773017993.0928285,
  "src\\vite-env.d.ts": 1773017993.095333,
  "src\\components\\cards\\FavouriteSongCard.tsx": 1775855673.3805232,
  "src\\components\\cards\\GuestbookCard.tsx": 1776551505.7993407,
  "src\\components\\cards\\ProfileCard.tsx": 1774517782.175233,
  "src\\components\\cards\\SpecsCard.tsx": 1776551506.929836,
  "src\\components\\cards\\SpotifyCard.tsx": 1776551507.5739255,
  "src\\components\\cards\\SteamCard.tsx": 1775194655.448262,
  "src\\components\\cards\\TimeWeatherCard.tsx": 1776551508.123976,
  "src\\components\\common\\CardSectionIcon.tsx": 1773464307.015216,
  "src\\components\\effects\\Particles.tsx": 1774517676.2526526,
  "src\\components\\icons\\EarphonesIcon.tsx": 1773572340.7999346,
  "src\\components\\icons\\GpuIcon.tsx": 1773017993.1514668,
  "src\\components\\icons\\KeyboardIcon.tsx": 1773017993.1545873,
  "src\\components\\icons\\SpotifyIcon.tsx": 1773017993.1571226,
  "src\\components\\icons\\TikTokIcon.tsx": 1773017993.1607096,
  "src\\components\\icons\\YouTubeIcon.tsx": 1773017993.1638389,
  "src\\components\\navigation\\DashboardNavbar.tsx": 1776421875.915304,
  "src\\components\\projects\\ProjectAppIcon.tsx": 1776057601.1110303,
  "src\\components\\projects\\ProjectDetailModal.tsx": 1776422497.518636,
  "src\\components\\projects\\TechIcon.tsx": 1776076414.0969992,
  "src\\components\\theme\\ThemeToggle.tsx": 1776050639.4671636,
  "src\\components\\typography\\TextType.tsx": 1774040580.9952304,
  "src\\components\\ui\\accordion.tsx": 1773017993.1716335,
  "src\\components\\ui\\alert-dialog.tsx": 1773017993.174492,
  "src\\components\\ui\\alert.tsx": 1773017993.1773498,
  "src\\components\\ui\\aspect-ratio.tsx": 1773017993.1805432,
  "src\\components\\ui\\avatar.tsx": 1773017993.1835885,
  "src\\components\\ui\\badge.tsx": 1773017993.1871562,
  "src\\components\\ui\\breadcrumb.tsx": 1773017993.1917436,
  "src\\components\\ui\\button.tsx": 1773017993.19381,
  "src\\components\\ui\\calendar.tsx": 1773017993.1973903,
  "src\\components\\ui\\card.tsx": 1773017993.2013063,
  "src\\components\\ui\\carousel.tsx": 1773017993.2038045,
  "src\\components\\ui\\chart.tsx": 1773017993.2073486,
  "src\\components\\ui\\checkbox.tsx": 1773017993.2108364,
  "src\\components\\ui\\collapsible.tsx": 1773017993.2143488,
  "src\\components\\ui\\command.tsx": 1773017993.2175272,
  "src\\components\\ui\\context-menu.tsx": 1773017993.2208388,
  "src\\components\\ui\\dialog.tsx": 1773017993.2239103,
  "src\\components\\ui\\drawer.tsx": 1773017993.226448,
  "src\\components\\ui\\dropdown-menu.tsx": 1773017993.2298987,
  "src\\components\\ui\\form.tsx": 1773017993.233111,
  "src\\components\\ui\\hover-card.tsx": 1773017993.2370653,
  "src\\components\\ui\\input-otp.tsx": 1773017993.2401612,
  "src\\components\\ui\\input.tsx": 1773017993.2434013,
  "src\\components\\ui\\label.tsx": 1773017993.2469356,
  "src\\components\\ui\\menubar.tsx": 1773017993.250223,
  "src\\components\\ui\\navigation-menu.tsx": 1773017993.2534742,
  "src\\components\\ui\\pagination.tsx": 1773017993.2554748,
  "src\\components\\ui\\popover.tsx": 1773017993.2584195,
  "src\\components\\ui\\progress.tsx": 1773017993.2615156,
  "src\\components\\ui\\radio-group.tsx": 1773017993.2646432,
  "src\\components\\ui\\resizable.tsx": 1773017993.268473,
  "src\\components\\ui\\scroll-area.tsx": 1773017993.2716033,
  "src\\components\\ui\\select.tsx": 1773017993.2736652,
  "src\\components\\ui\\separator.tsx": 1773017993.277215,
  "src\\components\\ui\\sheet.tsx": 1773017993.2805305,
  "src\\components\\ui\\sidebar.tsx": 1774235253.490538,
  "src\\components\\ui\\skeleton.tsx": 1773017993.2864156,
  "src\\components\\ui\\slider.tsx": 1773017993.2889068,
  "src\\components\\ui\\sonner.tsx": 1774234149.66685,
  "src\\components\\ui\\switch.tsx": 1773017993.2960439,
  "src\\components\\ui\\table.tsx": 1773017993.2995524,
  "src\\components\\ui\\tabs.tsx": 1773017993.3026488,
  "src\\components\\ui\\textarea.tsx": 1773017993.3052475,
  "src\\components\\ui\\toggle-group.tsx": 1773017993.3152053,
  "src\\components\\ui\\toggle.tsx": 1773017993.3172984,
  "src\\components\\ui\\tooltip.tsx": 1773017993.3216352,
  "src\\hooks\\useChessStats.ts": 1776077903.0361612,
  "src\\hooks\\useLanyard.ts": 1774517264.0873506,
  "src\\hooks\\useLastfmStats.ts": 1776077903.0481653,
  "src\\hooks\\useLichessStats.ts": 1776077903.0541675,
  "src\\hooks\\useLocalTime.ts": 1774393105.1023674,
  "src\\hooks\\useMobile.ts": 1773017993.3320675,
  "src\\hooks\\useTheme.ts": 1774234149.0572262,
  "src\\hooks\\useWeather.ts": 1774396941.132063,
  "src\\lib\\projects.ts": 1776551508.6803527,
  "src\\lib\\routePreload.ts": 1776077903.0340612,
  "src\\lib\\songs.ts": 1775855673.3639383,
  "src\\lib\\utils.ts": 1773017993.3586137,
  "src\\lib\\api\\guestbook.ts": 1774234146.9333286,
  "src\\pages\\About.tsx": 1776551509.3069122,
  "src\\pages\\Callback.tsx": 1774234143.092966,
  "src\\pages\\Index.tsx": 1774236569.772866,
  "src\\pages\\NotFound.tsx": 1774234145.3805242,
  "src\\pages\\Projects.tsx": 1776421875.8995051,
  "src\\pages\\Terminal.tsx": 1776421875.8995051,
  "src\\test\\example.test.ts": 1773017993.3770463,
  "src\\test\\setup.ts": 1773017993.3804667,
  "src\\types\\project.ts": 1776057601.1110303,
  "index.html": 1776551503.6206305,
  "README.md": 1774517030.8130386,
  "todo.md": 1773407145.798505,
  "public\\robots.txt": 1773017993.0630193,
  "public\\anilist.png": 1773201819.7882214,
  "public\\blackearphones2.svg": 1773571824.666419,
  "public\\chess-dark.svg": 1774130898.2289524,
  "public\\chesscom.png": 1774390606.1585238,
  "public\\chiikawaly-removebg-preview.png": 1773402696.1628356,
  "public\\cyberpunk.jpg": 1773051230.788282,
  "public\\deathnote.jpg": 1773051292.3202481,
  "public\\earphones2.svg": 1773572080.430673,
  "public\\hello.png": 1773020970.7390308,
  "public\\icedancer.jpg": 1773017993.1026573,
  "public\\kirbysword.png": 1774258209.6996026,
  "public\\kirbyswordnew.png": 1774230032.1925907,
  "public\\lichess.svg": 1774391185.0390947,
  "public\\lichesswhite.svg": 1774391315.5780866,
  "public\\mario.png": 1774062610.5102758,
  "public\\matcha.png": 1776422859.556308,
  "public\\morra.gif": 1773456818.2487395,
  "public\\oddtaxi.png": 1773051588.7601855,
  "public\\omegaruby.jpg": 1773200061.5320766,
  "public\\pcicon.png": 1774060385.0555859,
  "public\\pixelbook.png": 1774062441.38301,
  "public\\pixelchess.png": 1774061989.8344562,
  "public\\pixelclock.png": 1774061166.60816,
  "public\\pixelcontroller.png": 1774061850.123846,
  "public\\pixelgojo.png": 1774062325.141294,
  "public\\pixelheadphones.png": 1774062063.8820927,
  "public\\pixelmusic.png": 1774060829.310791,
  "public\\platinum.jpg": 1773200044.1494033,
  "public\\pochitavibe.gif": 1773404642.6221545,
  "public\\portal.jpg": 1773200019.4168675,
  "public\\spiritedaway.jpg": 1773051325.1904185,
  "public\\ultrakillcover.jpg": 1773199503.8938265,
  "public\\val.jpg": 1773199979.5370083,
  "public\\audio\\E.svg": 1774259224.7649121,
  "public\\audio\\ghosts.png": 1773995519.2078395,
  "public\\Showcase\\homepage.png": 1776054554.4884174,
  "public\\Showcase\\terminalpage.png": 1776054464.4976325,
  "public\\audio\\ghosts.mp3": 1773996049.6270523,
  "public\\audio\\security.mp3": 1774259099.0152507,